{
  "joint_amplitudes": [
    0.055271781980991364,
    0.05813247337937355,
    0.05419618636369705,
    0.055271781980991364,
    0.0688079223036766,
    0.06314491480588913,
    0.0624644011259079,
    0.07028254866600037,
    0.07342696189880371,
    0.0624644011259079,
    0.08177277445793152,
    0.08597611635923386,
    0.0624644011259079,
    0.06550183892250061,
    0.06281372904777527,
    0.07059431076049805,
    0.05737154930830002,
    0.05078096687793732,
    0.07017118483781815,
    0.054716262966394424,
    0.12462551891803741,
    0.09781879931688309,
    0.13700518012046814,
    0.10805325210094452,
    0.07059431076049805
  ],
  "joint_amplitudes_std": [
    0.021761860698461533,
    0.023290453478693962,
    0.021170521154999733,
    0.021761860698461533,
    0.029896920546889305,
    0.028652071952819824,
    0.024357641115784645,
    0.0340498685836792,
    0.036315593868494034,
    0.024357641115784645,
    0.036384180188179016,
    0.045082058757543564,
    0.024357641115784645,
    0.027704212814569473,
    0.02457854524254799,
    0.027253422886133194,
    0.02348300814628601,
    0.020369894802570343,
    0.023428916931152344,
    0.02758525311946869,
    0.04673977196216583,
    0.058148279786109924,
    0.05298972502350807,
    0.063088558614254,
    0.027253422886133194
  ],
  "joint_velocities": [
    0.027720339596271515,
    0.028599318116903305,
    0.027752527967095375,
    0.027720339596271515,
    0.03500112146139145,
    0.03159232437610626,
    0.03373033180832863,
    0.040949881076812744,
    0.0388595350086689,
    0.03373033180832863,
    0.04722581058740616,
    0.04547875002026558,
    0.03373033180832863,
    0.03475126251578331,
    0.03460989519953728,
    0.03760884329676628,
    0.03422989696264267,
    0.029526235535740852,
    0.04154185950756073,
    0.03194794803857803,
    0.0689798891544342,
    0.04987974092364311,
    0.07495879381895065,
    0.05406743288040161,
    0.03760884329676628
  ],
  "joint_velocities_std": [
    0.007523641921579838,
    0.007875202223658562,
    0.007586099207401276,
    0.007523641921579838,
    0.014234147034585476,
    0.011548362672328949,
    0.010011774487793446,
    0.01806596852838993,
    0.014936983585357666,
    0.010011774487793446,
    0.020707445219159126,
    0.018458738923072815,
    0.010011774487793446,
    0.010819518007338047,
    0.010117069818079472,
    0.012569066137075424,
    0.011168372817337513,
    0.010354774072766304,
    0.013378270901739597,
    0.013407107442617416,
    0.026951884850859642,
    0.027356717735528946,
    0.029847320169210434,
    0.029631879180669785,
    0.012569066137075424
  ],
  "left_right_ratios": {
    "arm": {
      "mean": 1.3851194381713867,
      "std": 0.5018346309661865
    },
    "leg": {
      "mean": 1.0367602109909058,
      "std": 0.21692509949207306
    }
  },
  "overall_statistics": {
    "amplitude_mean": 0.07294894009828568,
    "amplitude_std": 0.040257297456264496,
    "velocity_mean": 0.039272062480449677,
    "velocity_std": 0.020060203969478607
  },
  "sample_size": 737,
  "source": "MINI-RGBD training data"
}